CATEGORIE,DESIGNATION,PRIX_UNITAIRE,QUANTITE,MONTANT,QUANTITE_REELLE,MONTANT_REEL,ECART,PROGRESSION,STATUT
SAFF,DESIGNATION,0.0,0.0,0.0,0.0,0.0,0.0,0.0,A FAIRE
SAFF,SAAF,0.0,0.0,0.0,0.0,0.0,0.0,0.0,A FAIRE
SAFF,CERCEUIL,535680.0,1.0,535680.0,0.0,0.0,-535680.0,0.0,A FAIRE
SAFF,PLAQUE D'IDENTIFICATION,30000.0,1.0,30000.0,0.0,0.0,-30000.0,0.0,A FAIRE
SAFF,CROIX,12400.0,1.0,12400.0,0.0,0.0,-12400.0,0.0,A FAIRE
SAFF,CONSERVATION ET PRISE EN CHARGE,12400.0,24.0,297600.0,0.0,0.0,-297600.0,0.0,A FAIRE
SAFF,TRAITEMENT DU CORPS,111600.0,1.0,111600.0,0.0,0.0,-111600.0,0.0,A FAIRE
SAFF,COURONNE,70000.0,1.0,70000.0,0.0,0.0,-70000.0,0.0,A FAIRE
SAFF,TENUE COMPLETE,100000.0,1.0,100000.0,0.0,0.0,-100000.0,0.0,A FAIRE
SAFF,POLIANNE,10000.0,1.0,10000.0,0.0,0.0,-10000.0,0.0,A FAIRE
SAFF,SCOTCH,1000.0,1.0,1000.0,0.0,0.0,-1000.0,0.0,A FAIRE
SAFF,EXPOSITION DU CORPS (2H) AVEC TOUT,142000.0,1.0,142000.0,0.0,0.0,-142000.0,0.0,A FAIRE
EXPOSITION A SAFF,BUDGET CEREMONIE D'EXPOSITION A SAAF DE 2H,0.0,0.0,0.0,0.0,0.0,0.0,0.0,A FAIRE
EXPOSITION A SAFF,EAU MINERALE,200.0,200.0,40000.0,0.0,0.0,-40000.0,0.0,A FAIRE
EXPOSITION A SAFF,CHEWING-GUM,1250.0,2.0,2500.0,0.0,0.0,-2500.0,0.0,A FAIRE
EXPOSITION A SAFF,BONBONS,1250.0,2.0,2500.0,0.0,0.0,-2500.0,0.0,A FAIRE
TRANSPORT,TRANSPORT DU CORPS ET DE LA FAMILLE LBV-MAYUMBA-LBV,0.0,0.0,0.0,0.0,0.0,0.0,0.0,A FAIRE
TRANSPORT,LOCATION DU BUS COASTER,850000.0,1.0,850000.0,0.0,0.0,-850000.0,0.0,A FAIRE
CAVEAU,CAVEAU,0.0,0.0,0.0,0.0,0.0,0.0,0.0,A FAIRE
CAVEAU,CREUSAGE,0.0,0.0,0.0,0.0,0.0,0.0,0.0,A FAIRE
CAVEAU,BRIQUES,0.0,0.0,0.0,0.0,0.0,0.0,0.0,A FAIRE
CAVEAU,SACS DE CIMENT,0.0,0.0,0.0,0.0,0.0,0.0,0.0,A FAIRE
CAVEAU,LATTES,0.0,0.0,0.0,0.0,0.0,0.0,0.0,A FAIRE
CAVEAU,SACS DE GRAVIER,0.0,0.0,0.0,0.0,0.0,0.0,0.0,A FAIRE
CAVEAU,SACS DE SABLE,0.0,0.0,0.0,0.0,0.0,0.0,0.0,A FAIRE
CAVEAU,POINTES,0.0,0.0,0.0,0.0,0.0,0.0,0.0,A FAIRE
CAVEAU,BARRES DE FER,0.0,0.0,0.0,0.0,0.0,0.0,0.0,A FAIRE
CAVEAU,MAIN D'ŒUVRE,0.0,0.0,0.0,0.0,0.0,0.0,0.0,A FAIRE
VEILLEE A MAYUMBA,VEILLEE A MAYUMBA,0.0,0.0,0.0,0.0,0.0,0.0,0.0,A FAIRE
VEILLEE A MAYUMBA,PETITE TENTE,20000.0,2.0,40000.0,0.0,0.0,-40000.0,0.0,A FAIRE
VEILLEE A MAYUMBA,GRANDE TENTE,30000.0,1.0,30000.0,0.0,0.0,-30000.0,0.0,A FAIRE
VEILLEE A MAYUMBA,CHAISE,250.0,200.0,50000.0,0.0,0.0,-50000.0,0.0,A FAIRE
VEILLEE A MAYUMBA,CHAPELLE,70000.0,1.0,70000.0,0.0,0.0,-70000.0,0.0,A FAIRE
VEILLEE A MAYUMBA,BOUGIE,5000.0,2.0,10000.0,0.0,0.0,-10000.0,0.0,A FAIRE
VEILLEE A MAYUMBA,SONO (GRATUIT),0.0,0.0,0.0,0.0,0.0,0.0,0.0,A FAIRE
RESTAURATION A MAYUMBA,RESTAURATION A MAYUMBA,0.0,0.0,0.0,0.0,0.0,0.0,0.0,A FAIRE
RESTAURATION A MAYUMBA,CARTON DE PILON,13200.0,2.0,26400.0,0.0,0.0,-26400.0,0.0,A FAIRE
RESTAURATION A MAYUMBA,CARTON DES AILES DE POULET,10500.0,2.0,21000.0,0.0,0.0,-21000.0,0.0,A FAIRE
RESTAURATION A MAYUMBA,CARTON DE COTIS,15500.0,2.0,31000.0,0.0,0.0,-31000.0,0.0,A FAIRE
RESTAURATION A MAYUMBA,SAC DE RIZ DE 25KG,10800.0,1.0,10800.0,0.0,0.0,-10800.0,0.0,A FAIRE
RESTAURATION A MAYUMBA,BIDON D'HUILE DE 20L,21500.0,1.0,21500.0,0.0,0.0,-21500.0,0.0,A FAIRE
RESTAURATION A MAYUMBA,SEL DE 5KG,3000.0,1.0,3000.0,0.0,0.0,-3000.0,0.0,A FAIRE
RESTAURATION A MAYUMBA,SAC D'OIGNONS,5000.0,1.0,5000.0,0.0,0.0,-5000.0,0.0,A FAIRE
RESTAURATION A MAYUMBA,CONDIMENTS VERT,10000.0,1.0,10000.0,0.0,0.0,-10000.0,0.0,A FAIRE
RESTAURATION A MAYUMBA,AIL,2000.0,1.0,2000.0,0.0,0.0,-2000.0,0.0,A FAIRE
RESTAURATION A MAYUMBA,POISSON,30000.0,1.0,30000.0,0.0,0.0,-30000.0,0.0,A FAIRE
RESTAURATION A MAYUMBA,VIANDE DE BROUSSE,20000.0,1.0,20000.0,0.0,0.0,-20000.0,0.0,A FAIRE
RESTAURATION A MAYUMBA,BANANE,20000.0,1.0,20000.0,0.0,0.0,-20000.0,0.0,A FAIRE
RESTAURATION A MAYUMBA,MANIOC,10000.0,1.0,10000.0,0.0,0.0,-10000.0,0.0,A FAIRE
RESTAURATION A MAYUMBA,TUBERCULES,15000.0,1.0,15000.0,0.0,0.0,-15000.0,0.0,A FAIRE
RESTAURATION A MAYUMBA,OBERGINES,5000.0,1.0,5000.0,0.0,0.0,-5000.0,0.0,A FAIRE
RESTAURATION A MAYUMBA,OSEILLE,1000.0,1.0,1000.0,0.0,0.0,-1000.0,0.0,A FAIRE
RESTAURATION A MAYUMBA,POISSON FUME,5000.0,1.0,5000.0,0.0,0.0,-5000.0,0.0,A FAIRE
RESTAURATION A MAYUMBA,BOITES SARDINES,575.0,10.0,5750.0,0.0,0.0,-5750.0,0.0,A FAIRE
RESTAURATION A MAYUMBA,BOITES  TOMATES ENTIERES,500.0,6.0,3000.0,0.0,0.0,-3000.0,0.0,A FAIRE
RESTAURATION A MAYUMBA,BOITE  TOMATE CONCENTRE (GROSSE),5000.0,1.0,5000.0,0.0,0.0,-5000.0,0.0,A FAIRE
RESTAURATION A MAYUMBA,BOITE DE LAIT,1650.0,10.0,16500.0,0.0,0.0,-16500.0,0.0,A FAIRE
RESTAURATION A MAYUMBA,PAQUET DE SUCRE,1000.0,10.0,10000.0,0.0,0.0,-10000.0,0.0,A FAIRE
RESTAURATION A MAYUMBA,NESCAFE STICK,6175.0,3.0,18525.0,0.0,0.0,-18525.0,0.0,A FAIRE
RESTAURATION A MAYUMBA,THE,4000.0,2.0,8000.0,0.0,0.0,-8000.0,0.0,A FAIRE
RESTAURATION A MAYUMBA,WHISKY,3000.0,2.0,6000.0,0.0,0.0,-6000.0,0.0,A FAIRE
RESTAURATION A MAYUMBA,PALETTE D'ŒUFS,4000.0,2.0,8000.0,0.0,0.0,-8000.0,0.0,A FAIRE
RESTAURATION A MAYUMBA,PATE,2950.0,3.0,8850.0,0.0,0.0,-8850.0,0.0,A FAIRE
RESTAURATION A MAYUMBA,BEURE JADIDA (GROS POT),11000.0,1.0,11000.0,0.0,0.0,-11000.0,0.0,A FAIRE
RESTAURATION A MAYUMBA,PAIN,150.0,100.0,15000.0,0.0,0.0,-15000.0,0.0,A FAIRE
RESTAURATION A MAYUMBA,MAYONAISE,2950.0,2.0,5900.0,0.0,0.0,-5900.0,0.0,A FAIRE
RESTAURATION A MAYUMBA,MOUTARDE,2500.0,2.0,5000.0,0.0,0.0,-5000.0,0.0,A FAIRE
BOISSON,BOISSON,0.0,0.0,0.0,0.0,0.0,0.0,0.0,A FAIRE
BOISSON,BOISSON ALCOLISEE ET NON ALCOLISEE,0.0,0.0,300000.0,0.0,0.0,-300000.0,0.0,A FAIRE
BOISSON,EAU MINERALE,200.0,200.0,40000.0,0.0,0.0,-40000.0,0.0,A FAIRE
VAISSELLE ET NETTOYAGE,VAISSELLE ET NETOYAGE,0.0,0.0,0.0,0.0,0.0,0.0,0.0,A FAIRE
VAISSELLE ET NETTOYAGE,LIQUIDE VAISSELLE,4500.0,1.0,4500.0,0.0,0.0,-4500.0,0.0,A FAIRE
VAISSELLE ET NETTOYAGE,ESSUIE TOUT,5500.0,2.0,11000.0,0.0,0.0,-11000.0,0.0,A FAIRE
VAISSELLE ET NETTOYAGE,PAPIER HYGIENIQUE,10000.0,2.0,20000.0,0.0,0.0,-20000.0,0.0,A FAIRE
VAISSELLE ET NETTOYAGE,PAQUET D'EPONGE,1000.0,1.0,1000.0,0.0,0.0,-1000.0,0.0,A FAIRE
VAISSELLE ET NETTOYAGE,LAVE MARMITE,500.0,3.0,1500.0,0.0,0.0,-1500.0,0.0,A FAIRE
VAISSELLE ET NETTOYAGE,SAVON EN POUDRE,1000.0,1.0,1000.0,0.0,0.0,-1000.0,0.0,A FAIRE
VAISSELLE ET NETTOYAGE,SACHET POUBELLE,5700.0,2.0,11400.0,0.0,0.0,-11400.0,0.0,A FAIRE
COMMUNICATION,COMMUNICATION,0.0,0.0,0.0,0.0,0.0,0.0,0.0,A FAIRE
COMMUNICATION,PROJECTEUR (GRATUIT),0.0,0.0,0.0,0.0,0.0,0.0,0.0,A FAIRE
COMMUNICATION,BANDEROLE (PRIS EN CHARGE),0.0,0.0,0.0,0.0,0.0,0.0,0.0,A FAIRE
COMMUNICATION,CADRE +PHOTO),40000.0,1.0,40000.0,0.0,0.0,-40000.0,0.0,A FAIRE
DIVERS,DIVERS,0.0,0.0,0.0,0.0,0.0,0.0,0.0,A FAIRE
DIVERS,TRANSPORT DES EFFETS TCHIBANGA-MAYUMBA,0.0,0.0,40000.0,0.0,0.0,-40000.0,0.0,A FAIRE
DIVERS,ELECTRICITE DU SITE,0.0,0.0,50000.0,0.0,0.0,-50000.0,0.0,A FAIRE
DIVERS,IMPREVU,0.0,0.0,200000.0,0.0,0.0,-200000.0,0.0,A FAIRE
